"0","# Crea una secuencia de 100 números igualmente espaciados entre -4 y 4"
"0","x <- seq (-4, 4, length.out = 800)"
"0",""
"0","# cree un vector de valores que muestre la altura de la distribución de probabilidad "
"0","# para cada valor en x"
"0","y <- dnorm (x)"
"0",""
"0","#plote x e y como un diagrama de dispersión con líneas conectadas (tipo = ""l"") y agreguo "
"0","# un eje x con etiquetas personalizadas"
"0",""
"0","plot (x, y, type = ""l"", lwd = 2, axes = FALSE, xlab = """", ylab = """")"
