{"chunk_definitions":[{"row":8,"row_count":1,"visible":true,"expansion_state":0,"options":{"engine":"r","label":"setup","include":false,"dev":"png"},"document_id":"0AF812F5","chunk_id":"csetup_chunk","chunk_label":"setup"},{"row":24,"row_count":1,"visible":true,"expansion_state":0,"options":{"engine":"r","label":"unnamed-chunk-1","dev":"png"},"document_id":"0AF812F5","chunk_id":"c5c7a58o4bqxu","chunk_label":"unnamed-chunk-1"},{"row":30,"row_count":1,"visible":true,"expansion_state":0,"options":{"engine":"r","label":"unnamed-chunk-2","dev":"png"},"document_id":"0AF812F5","chunk_id":"crt71tu1ebqn9","chunk_label":"unnamed-chunk-2"},{"row":36,"row_count":1,"visible":true,"expansion_state":0,"options":{"engine":"r","label":"unnamed-chunk-3","dev":"png"},"document_id":"0AF812F5","chunk_id":"cbcoqxi9xy2vy","chunk_label":"unnamed-chunk-3"},{"row":42,"row_count":1,"visible":true,"expansion_state":0,"options":{"engine":"r","label":"unnamed-chunk-4","dev":"png"},"document_id":"0AF812F5","chunk_id":"c3id1e2ftyibi","chunk_label":"unnamed-chunk-4"},{"row":53,"row_count":1,"visible":true,"expansion_state":0,"options":{"engine":"r","label":"unnamed-chunk-5","dev":"png"},"document_id":"0AF812F5","chunk_id":"c5sexicecxiab","chunk_label":"unnamed-chunk-5"}],"doc_write_time":7881701917249535266,"working_dir":null,"default_chunk_options":{"echo":true}}