"0","library(readr)"
"0","BSC_proveedores <- read_csv(""http://200.12.138.4/r-cran/BSC_proveedores.csv"")"
"2","`curl` package not installed, falling back to using `url()`"
"2","New names:"
"2","[1mRows: [22m[34m150[39m [1mColumns: [22m[34m6[39m"
"2","[36m──[39m [1mColumn specification[22m [36m────────────────────────────────────────────────────[39m
[1mDelimiter:[22m "",""
[31mchr[39m (1): Empresa
[32mdbl[39m (5): ...1, Tecnologia, Normas, Capital, Equipo"
"2","
[36mℹ[39m Use `spec()` to retrieve the full column specification for this data.
[36mℹ[39m Specify the column types or set `show_col_types = FALSE` to quiet this message."
