{"chunk_definitions":[{"row":103,"row_count":1,"visible":true,"expansion_state":0,"options":{"engine":"r","label":"unnamed-chunk-23","dev":"png"},"document_id":"18AE426E","chunk_id":"csotlvgxk9utk","chunk_label":"unnamed-chunk-1"},{"row":115,"row_count":1,"visible":true,"expansion_state":0,"options":{"engine":"r","label":"unnamed-chunk-24","dev":"png"},"document_id":"18AE426E","chunk_id":"conii3vcpcefs","chunk_label":"unnamed-chunk-2"},{"row":154,"row_count":1,"visible":true,"expansion_state":0,"options":{"engine":"r","label":"unnamed-chunk-25","dev":"png"},"document_id":"18AE426E","chunk_id":"cmr39s0hauwi7","chunk_label":"unnamed-chunk-3"},{"row":162,"row_count":1,"visible":true,"expansion_state":0,"options":{"engine":"r","label":"unnamed-chunk-26","dev":"png"},"document_id":"18AE426E","chunk_id":"c4bvkny7laz0t","chunk_label":"unnamed-chunk-4"},{"row":170,"row_count":1,"visible":true,"expansion_state":0,"options":{"engine":"r","label":"unnamed-chunk-27","dev":"png"},"document_id":"18AE426E","chunk_id":"c4lrv7rc9qq34","chunk_label":"unnamed-chunk-5"},{"row":180,"row_count":1,"visible":true,"expansion_state":0,"options":{"engine":"r","label":"unnamed-chunk-28","dev":"png"},"document_id":"18AE426E","chunk_id":"cxml27uyyjsil","chunk_label":"unnamed-chunk-6"},{"row":195,"row_count":1,"visible":true,"expansion_state":0,"options":{},"document_id":"18AE426E","chunk_id":"ckx45yyjofg3h","chunk_label":"unnamed-chunk-7"},{"row":203,"row_count":1,"visible":true,"expansion_state":0,"options":{},"document_id":"18AE426E","chunk_id":"clgoc2ka740d1","chunk_label":"unnamed-chunk-8"},{"row":209,"row_count":1,"visible":true,"expansion_state":0,"options":{},"document_id":"18AE426E","chunk_id":"ci3l1ymcspcgn","chunk_label":"unnamed-chunk-9"},{"row":216,"row_count":1,"visible":true,"expansion_state":0,"options":{},"document_id":"18AE426E","chunk_id":"cgqx7firfc536","chunk_label":"unnamed-chunk-10"},{"row":225,"row_count":1,"visible":true,"expansion_state":0,"options":{},"document_id":"18AE426E","chunk_id":"cw51g296gogbe","chunk_label":"unnamed-chunk-11"}],"doc_write_time":1713723104}