{"chunk_definitions":[{"row":9,"row_count":1,"visible":true,"expansion_state":0,"options":{"engine":"r","label":"setup","include":false,"dev":"png"},"document_id":"7658689F","chunk_id":"csetup_chunk","chunk_label":"setup"},{"row":52,"row_count":1,"visible":true,"expansion_state":0,"options":{"engine":"r","label":"unnamed-chunk-35","dev":"png"},"document_id":"7658689F","chunk_id":"cf3ppkhvp16gf","chunk_label":"unnamed-chunk-1"},{"row":58,"row_count":1,"visible":true,"expansion_state":0,"options":{"engine":"r","label":"unnamed-chunk-36","dev":"png"},"document_id":"7658689F","chunk_id":"c7sbbv4a7lmyc","chunk_label":"unnamed-chunk-2"},{"row":65,"row_count":1,"visible":true,"expansion_state":0,"options":{"engine":"r","label":"unnamed-chunk-37","dev":"png"},"document_id":"7658689F","chunk_id":"c7c7gym520s7i","chunk_label":"unnamed-chunk-3"},{"row":74,"row_count":1,"visible":true,"expansion_state":0,"options":{"engine":"r","label":"unnamed-chunk-38","dev":"png"},"document_id":"7658689F","chunk_id":"cl31lvtc3bfix","chunk_label":"unnamed-chunk-4"},{"row":83,"row_count":1,"visible":true,"expansion_state":0,"options":{"engine":"r","label":"unnamed-chunk-39","dev":"png"},"document_id":"7658689F","chunk_id":"cfh24c1o89hl1","chunk_label":"unnamed-chunk-5"},{"row":89,"row_count":1,"visible":true,"expansion_state":0,"options":{"engine":"r","label":"unnamed-chunk-40","dev":"png"},"document_id":"7658689F","chunk_id":"csud6qs1p36ek","chunk_label":"unnamed-chunk-6"},{"row":93,"row_count":1,"visible":true,"expansion_state":0,"options":{"engine":"r","label":"unnamed-chunk-41","dev":"png"},"document_id":"7658689F","chunk_id":"cee4llhejfir7","chunk_label":"unnamed-chunk-7"},{"row":96,"row_count":1,"visible":true,"expansion_state":0,"options":{"engine":"r","label":"unnamed-chunk-42","dev":"png"},"document_id":"7658689F","chunk_id":"cywnjyayit02e","chunk_label":"unnamed-chunk-8"},{"row":101,"row_count":1,"visible":true,"expansion_state":0,"options":{"engine":"r","label":"unnamed-chunk-43","dev":"png"},"document_id":"7658689F","chunk_id":"cmw5cm8w56rvx","chunk_label":"unnamed-chunk-9"},{"row":105,"row_count":1,"visible":true,"expansion_state":0,"options":{"engine":"r","label":"unnamed-chunk-44","dev":"png"},"document_id":"7658689F","chunk_id":"cznnkg9wy95sy","chunk_label":"unnamed-chunk-10"},{"row":119,"row_count":1,"visible":true,"expansion_state":0,"options":{"engine":"r","label":"unnamed-chunk-45","dev":"png"},"document_id":"7658689F","chunk_id":"ckxd56s9l02pq","chunk_label":"unnamed-chunk-11"},{"row":151,"row_count":1,"visible":true,"expansion_state":0,"options":{"engine":"r","label":"unnamed-chunk-46","dev":"png"},"document_id":"7658689F","chunk_id":"ckeoclyzj2yb4","chunk_label":"unnamed-chunk-12"},{"row":160,"row_count":1,"visible":true,"expansion_state":0,"options":{"engine":"r","label":"unnamed-chunk-47","dev":"png"},"document_id":"7658689F","chunk_id":"cgvu0rpjh6qh2","chunk_label":"unnamed-chunk-13"},{"row":167,"row_count":1,"visible":true,"expansion_state":0,"options":{"engine":"r","label":"unnamed-chunk-48","dev":"png"},"document_id":"7658689F","chunk_id":"cwi2ck2ym6zla","chunk_label":"unnamed-chunk-14"},{"row":173,"row_count":1,"visible":true,"expansion_state":0,"options":{"engine":"r","label":"unnamed-chunk-49","dev":"png"},"document_id":"7658689F","chunk_id":"cvq2x8lsvpo67","chunk_label":"unnamed-chunk-15"},{"row":179,"row_count":1,"visible":true,"expansion_state":0,"options":{"engine":"r","label":"unnamed-chunk-50","dev":"png"},"document_id":"7658689F","chunk_id":"cbq8fgh43gz69","chunk_label":"unnamed-chunk-16"},{"row":189,"row_count":1,"visible":true,"expansion_state":0,"options":{"engine":"r","label":"unnamed-chunk-51","dev":"png"},"document_id":"7658689F","chunk_id":"cbq32xebfzml9","chunk_label":"unnamed-chunk-17"}],"doc_write_time":1713726079,"working_dir":null,"default_chunk_options":{"echo":false},"chunk_rendered_width":700}