{"working_dir":null,"default_chunk_options":{"echo":true},"chunk_definitions":[{"row":9,"row_count":1,"visible":true,"expansion_state":0,"options":{"engine":"r","label":"setup","include":false,"dev":"png"},"document_id":"3F18A0E8","chunk_id":"csetup_chunk","chunk_label":"setup"},{"row":40,"row_count":1,"visible":true,"expansion_state":0,"options":{"engine":"r","label":"unnamed-chunk-9","dev":"png"},"document_id":"3F18A0E8","chunk_id":"cd8fcgdeu8l9x","chunk_label":"unnamed-chunk-1"},{"row":49,"row_count":1,"visible":true,"expansion_state":0,"options":{"engine":"r","label":"unnamed-chunk-10","dev":"png"},"document_id":"3F18A0E8","chunk_id":"cp284naokycor","chunk_label":"unnamed-chunk-2"},{"row":55,"row_count":1,"visible":true,"expansion_state":0,"options":{"engine":"r","label":"unnamed-chunk-11","dev":"png"},"document_id":"3F18A0E8","chunk_id":"crgu05mfl9bi9","chunk_label":"unnamed-chunk-3"},{"row":64,"row_count":1,"visible":true,"expansion_state":0,"options":{"engine":"r","label":"unnamed-chunk-12","dev":"png"},"document_id":"3F18A0E8","chunk_id":"cfb2thjy1pd55","chunk_label":"unnamed-chunk-4"},{"row":71,"row_count":1,"visible":true,"expansion_state":0,"options":{"engine":"r","label":"unnamed-chunk-13","dev":"png"},"document_id":"3F18A0E8","chunk_id":"cz3rxv5nnb0hf","chunk_label":"unnamed-chunk-5"},{"row":87,"row_count":1,"visible":true,"expansion_state":0,"options":{"engine":"r","label":"unnamed-chunk-14","dev":"png"},"document_id":"3F18A0E8","chunk_id":"cmujvejcsy5p8","chunk_label":"unnamed-chunk-7"},{"row":117,"row_count":1,"visible":true,"expansion_state":0,"options":{"engine":"r","label":"unnamed-chunk-15","dev":"png"},"document_id":"3F18A0E8","chunk_id":"ca9ss7mlukj70","chunk_label":"unnamed-chunk-9"},{"row":123,"row_count":1,"visible":true,"expansion_state":0,"options":{"engine":"r","label":"unnamed-chunk-16","dev":"png"},"document_id":"3F18A0E8","chunk_id":"cesxkwoizlg46","chunk_label":"unnamed-chunk-10"},{"row":128,"row_count":1,"visible":true,"expansion_state":0,"options":{"engine":"r","label":"unnamed-chunk-17","dev":"png"},"document_id":"3F18A0E8","chunk_id":"c8l7tmtjexmiw","chunk_label":"unnamed-chunk-11"},{"row":143,"row_count":1,"visible":true,"expansion_state":0,"options":{"engine":"r","label":"unnamed-chunk-18","dev":"png"},"document_id":"3F18A0E8","chunk_id":"ci3ixgxy5xnui","chunk_label":"unnamed-chunk-12"},{"row":153,"row_count":1,"visible":true,"expansion_state":0,"options":{"engine":"r","label":"unnamed-chunk-19","dev":"png"},"document_id":"3F18A0E8","chunk_id":"c7sgs5g6atcj5","chunk_label":"unnamed-chunk-13"},{"row":158,"row_count":1,"visible":true,"expansion_state":0,"options":{"engine":"r","label":"unnamed-chunk-20","dev":"png"},"document_id":"3F18A0E8","chunk_id":"cpd36ibnj96gr","chunk_label":"unnamed-chunk-14"},{"row":174,"row_count":1,"visible":true,"expansion_state":0,"options":{"engine":"r","label":"unnamed-chunk-21","dev":"png"},"document_id":"3F18A0E8","chunk_id":"cwaf51oht5n3n","chunk_label":"unnamed-chunk-15"},{"row":184,"row_count":1,"visible":true,"expansion_state":0,"options":{"engine":"r","label":"unnamed-chunk-22","dev":"png"},"document_id":"3F18A0E8","chunk_id":"cdw6jn0u7gqbb","chunk_label":"unnamed-chunk-16"},{"row":189,"row_count":1,"visible":true,"expansion_state":0,"options":{},"document_id":"3F18A0E8","chunk_id":"czp9pthyjeb2o","chunk_label":"unnamed-chunk-17"}],"doc_write_time":1713108934,"chunk_rendered_width":700}