"0","library(readr)"
"0","wine <- read_csv(""http://archive.ics.uci.edu/ml/machine-learning-databases/wine/wine.data"")"
"2","`curl` package not installed, falling back to using `url()`"
"2","[1mRows: [22m[34m177[39m [1mColumns: [22m[34m14[39m"
"2","[36m──[39m [1mColumn specification[22m [36m─────────────────────────────────────────────────────────────────────────────────────────────────────────[39m
[1mDelimiter:[22m "",""
[32mdbl[39m (14): 1, 14.23, 1.71, 2.43, 15.6, 127, 2.8, 3.06, .28, 2.29, 5.64, 1.04, 3.92, 1065"
"2","
[36mℹ[39m Use `spec()` to retrieve the full column specification for this data.
[36mℹ[39m Specify the column types or set `show_col_types = FALSE` to quiet this message."
