{"chunk_definitions":[{"row":9,"row_count":1,"visible":true,"expansion_state":0,"options":{"engine":"r","label":"setup","include":false,"dev":"png"},"document_id":"D39DCA39","chunk_id":"csetup_chunk","chunk_label":"setup"},{"row":277,"row_count":1,"visible":true,"expansion_state":0,"options":{"engine":"r","label":"unnamed-chunk-17","dev":"png"},"document_id":"D39DCA39","chunk_id":"cnpicnwadru5l","chunk_label":"unnamed-chunk-20"},{"row":313,"row_count":1,"visible":true,"expansion_state":0,"options":{"engine":"r","label":"unnamed-chunk-18","dev":"png"},"document_id":"D39DCA39","chunk_id":"cc7bmmdowxsnh","chunk_label":"unnamed-chunk-23"},{"row":332,"row_count":1,"visible":true,"expansion_state":0,"options":{"engine":"r","label":"unnamed-chunk-20","dev":"png"},"document_id":"D39DCA39","chunk_id":"cao4d87hg497s","chunk_label":"unnamed-chunk-24"},{"row":347,"row_count":1,"visible":true,"expansion_state":0,"options":{"engine":"r","label":"unnamed-chunk-21","dev":"png"},"document_id":"D39DCA39","chunk_id":"cjt8q8js2u9ya","chunk_label":"unnamed-chunk-25"}],"doc_write_time":1713133170,"working_dir":null,"default_chunk_options":{"echo":true},"chunk_rendered_width":611}