{"chunk_definitions":[{"row":9,"row_count":1,"visible":true,"expansion_state":0,"options":{"engine":"r","label":"setup","include":false,"dev":"png"},"document_id":"D39DCA39","chunk_id":"csetup_chunk","chunk_label":"setup"},{"row":277,"row_count":1,"visible":true,"expansion_state":0,"options":{"engine":"r","label":"unnamed-chunk-17","dev":"png"},"document_id":"D39DCA39","chunk_id":"cnpicnwadru5l","chunk_label":"unnamed-chunk-20"},{"row":300,"row_count":1,"visible":true,"expansion_state":0,"options":{},"document_id":"D39DCA39","chunk_id":"c1k9eya3kkps2","chunk_label":"unnamed-chunk-22"},{"row":313,"row_count":1,"visible":true,"expansion_state":0,"options":{"engine":"r","label":"unnamed-chunk-18","dev":"png"},"document_id":"D39DCA39","chunk_id":"cc7bmmdowxsnh","chunk_label":"unnamed-chunk-23"},{"row":332,"row_count":1,"visible":true,"expansion_state":0,"options":{"engine":"r","label":"unnamed-chunk-20","dev":"png"},"document_id":"D39DCA39","chunk_id":"cao4d87hg497s","chunk_label":"unnamed-chunk-24"},{"row":347,"row_count":1,"visible":true,"expansion_state":0,"options":{"engine":"r","label":"unnamed-chunk-21","dev":"png"},"document_id":"D39DCA39","chunk_id":"cjt8q8js2u9ya","chunk_label":"unnamed-chunk-25"},{"row":356,"row_count":1,"visible":true,"expansion_state":0,"options":{"engine":"r","label":"unnamed-chunk-22","dev":"png"},"document_id":"D39DCA39","chunk_id":"csvcz8i7hgjza","chunk_label":"unnamed-chunk-26"},{"row":372,"row_count":1,"visible":true,"expansion_state":0,"options":{"engine":"r","label":"unnamed-chunk-1","dev":"png"},"document_id":"D39DCA39","chunk_id":"cg1pvaegs3mje","chunk_label":"unnamed-chunk-27"},{"row":407,"row_count":1,"visible":true,"expansion_state":0,"options":{"engine":"r","label":"unnamed-chunk-3","dev":"png"},"document_id":"D39DCA39","chunk_id":"cuia2kpf2hptc","chunk_label":"unnamed-chunk-28"},{"row":419,"row_count":1,"visible":true,"expansion_state":0,"options":{"engine":"r","label":"unnamed-chunk-4","dev":"png"},"document_id":"D39DCA39","chunk_id":"cxjgolknb7mh9","chunk_label":"unnamed-chunk-29"},{"row":432,"row_count":1,"visible":true,"expansion_state":0,"options":{"engine":"r","label":"unnamed-chunk-5","dev":"png"},"document_id":"D39DCA39","chunk_id":"ceiqf0u018aa3","chunk_label":"unnamed-chunk-30"},{"row":451,"row_count":1,"visible":true,"expansion_state":0,"options":{"engine":"r","label":"unnamed-chunk-6","dev":"png"},"document_id":"D39DCA39","chunk_id":"c5wexgxm6moe9","chunk_label":"unnamed-chunk-31"},{"row":460,"row_count":1,"visible":true,"expansion_state":0,"options":{},"document_id":"D39DCA39","chunk_id":"c5l3vq4wfernh","chunk_label":"unnamed-chunk-32"},{"row":485,"row_count":1,"visible":true,"expansion_state":0,"options":{"engine":"r","label":"unnamed-chunk-1","dev":"png"},"document_id":"D39DCA39","chunk_id":"ccel89tj9pclq","chunk_label":"unnamed-chunk-33"},{"row":495,"row_count":1,"visible":true,"expansion_state":0,"options":{"engine":"r","label":"unnamed-chunk-2","dev":"png"},"document_id":"D39DCA39","chunk_id":"crf0aeugjware","chunk_label":"unnamed-chunk-34"},{"row":508,"row_count":1,"visible":true,"expansion_state":0,"options":{"engine":"r","label":"unnamed-chunk-3","dev":"png"},"document_id":"D39DCA39","chunk_id":"cg6vt5nr2akis","chunk_label":"unnamed-chunk-35"},{"row":518,"row_count":1,"visible":true,"expansion_state":0,"options":{},"document_id":"D39DCA39","chunk_id":"cmtwah5q5wggl","chunk_label":"unnamed-chunk-36"}],"doc_write_time":1713133170,"working_dir":null,"default_chunk_options":{"echo":true},"chunk_rendered_width":700}