{"chunk_definitions":[{"row":9,"row_count":1,"visible":true,"expansion_state":0,"options":{"engine":"r","label":"setup","include":false,"dev":"png"},"document_id":"7658689F","chunk_id":"csetup_chunk","chunk_label":"setup"},{"row":52,"row_count":1,"visible":true,"expansion_state":0,"options":{"engine":"r","label":"unnamed-chunk-9","dev":"png"},"document_id":"7658689F","chunk_id":"cf3ppkhvp16gf","chunk_label":"unnamed-chunk-1"},{"row":58,"row_count":1,"visible":true,"expansion_state":0,"options":{"engine":"r","label":"unnamed-chunk-10","dev":"png"},"document_id":"7658689F","chunk_id":"c7sbbv4a7lmyc","chunk_label":"unnamed-chunk-2"},{"row":65,"row_count":1,"visible":true,"expansion_state":0,"options":{"engine":"r","label":"unnamed-chunk-11","dev":"png"},"document_id":"7658689F","chunk_id":"c7c7gym520s7i","chunk_label":"unnamed-chunk-3"},{"row":74,"row_count":1,"visible":true,"expansion_state":0,"options":{"engine":"r","label":"unnamed-chunk-12","dev":"png"},"document_id":"7658689F","chunk_id":"cl31lvtc3bfix","chunk_label":"unnamed-chunk-4"},{"row":83,"row_count":1,"visible":true,"expansion_state":0,"options":{"engine":"r","label":"unnamed-chunk-13","dev":"png"},"document_id":"7658689F","chunk_id":"cfh24c1o89hl1","chunk_label":"unnamed-chunk-5"},{"row":93,"row_count":1,"visible":true,"expansion_state":0,"options":{"engine":"r","label":"unnamed-chunk-28","dev":"png"},"document_id":"7658689F","chunk_id":"cee4llhejfir7","chunk_label":"unnamed-chunk-7"},{"row":96,"row_count":1,"visible":true,"expansion_state":0,"options":{"engine":"r","label":"unnamed-chunk-31","dev":"png"},"document_id":"7658689F","chunk_id":"cywnjyayit02e","chunk_label":"unnamed-chunk-8"},{"row":101,"row_count":1,"visible":true,"expansion_state":0,"options":{"engine":"r","label":"unnamed-chunk-32","dev":"png"},"document_id":"7658689F","chunk_id":"cmw5cm8w56rvx","chunk_label":"unnamed-chunk-9"},{"row":105,"row_count":1,"visible":true,"expansion_state":0,"options":{"engine":"r","label":"unnamed-chunk-33","dev":"png"},"document_id":"7658689F","chunk_id":"cznnkg9wy95sy","chunk_label":"unnamed-chunk-10"},{"row":119,"row_count":1,"visible":true,"expansion_state":0,"options":{"engine":"r","label":"unnamed-chunk-34","dev":"png"},"document_id":"7658689F","chunk_id":"ckxd56s9l02pq","chunk_label":"unnamed-chunk-11"}],"doc_write_time":1713725899,"working_dir":null,"default_chunk_options":{"echo":false},"chunk_rendered_width":700}