{"chunk_definitions":[{"row":8,"row_count":1,"visible":true,"expansion_state":0,"options":{"engine":"r","label":"setup","include":false,"dev":"png"},"document_id":"FED35206","chunk_id":"csetup_chunk","chunk_label":"setup"},{"row":14,"row_count":1,"visible":true,"expansion_state":0,"options":{"engine":"r","label":"unnamed-chunk-7","dev":"png"},"document_id":"FED35206","chunk_id":"cvyu0qidnb2vz","chunk_label":"unnamed-chunk-1"},{"row":20,"row_count":1,"visible":true,"expansion_state":0,"options":{"engine":"r","label":"unnamed-chunk-8","dev":"png"},"document_id":"FED35206","chunk_id":"clkmlkvl52sph","chunk_label":"unnamed-chunk-2"},{"row":26,"row_count":1,"visible":true,"expansion_state":0,"options":{"engine":"r","label":"unnamed-chunk-9","dev":"png"},"document_id":"FED35206","chunk_id":"cpikhpds8wsj6","chunk_label":"unnamed-chunk-3"},{"row":32,"row_count":1,"visible":true,"expansion_state":0,"options":{"engine":"r","label":"unnamed-chunk-3","dev":"png"},"document_id":"FED35206","chunk_id":"csccmb5j30w49","chunk_label":"unnamed-chunk-4"},{"row":38,"row_count":1,"visible":true,"expansion_state":0,"options":{"engine":"r","label":"unnamed-chunk-10","dev":"png"},"document_id":"FED35206","chunk_id":"cer40igb5uscb","chunk_label":"unnamed-chunk-5"},{"row":44,"row_count":1,"visible":true,"expansion_state":0,"options":{"engine":"r","label":"unnamed-chunk-11","dev":"png"},"document_id":"FED35206","chunk_id":"cxz16713b4eo4","chunk_label":"unnamed-chunk-6"},{"row":49,"row_count":1,"visible":true,"expansion_state":0,"options":{"engine":"r","label":"unnamed-chunk-12","dev":"png"},"document_id":"FED35206","chunk_id":"cz7dio5gqqr1h","chunk_label":"unnamed-chunk-7"},{"row":55,"row_count":1,"visible":true,"expansion_state":0,"options":{"engine":"r","label":"unnamed-chunk-13","dev":"png"},"document_id":"FED35206","chunk_id":"cn4kk5uovqklq","chunk_label":"unnamed-chunk-8"},{"row":60,"row_count":1,"visible":true,"expansion_state":0,"options":{"engine":"r","label":"unnamed-chunk-14","dev":"png"},"document_id":"FED35206","chunk_id":"czs3viz1472jq","chunk_label":"unnamed-chunk-9"},{"row":66,"row_count":1,"visible":true,"expansion_state":0,"options":{"engine":"r","label":"unnamed-chunk-15","dev":"png"},"document_id":"FED35206","chunk_id":"cxa7gw4q90948","chunk_label":"unnamed-chunk-10"},{"row":69,"row_count":1,"visible":true,"expansion_state":0,"options":{"engine":"r","label":"unnamed-chunk-16","dev":"png"},"document_id":"FED35206","chunk_id":"cwmnyw016wh7e","chunk_label":"unnamed-chunk-11"},{"row":72,"row_count":1,"visible":true,"expansion_state":0,"options":{"engine":"r","label":"unnamed-chunk-19","dev":"png"},"document_id":"FED35206","chunk_id":"citv9692zkvcv","chunk_label":"unnamed-chunk-12"},{"row":75,"row_count":1,"visible":true,"expansion_state":0,"options":{"engine":"r","label":"unnamed-chunk-20","dev":"png"},"document_id":"FED35206","chunk_id":"cgyua73pg3k14","chunk_label":"unnamed-chunk-13"},{"row":91,"row_count":1,"visible":true,"expansion_state":0,"options":{"engine":"r","label":"unnamed-chunk-21","dev":"png"},"document_id":"FED35206","chunk_id":"cxujr6sdw2pkz","chunk_label":"unnamed-chunk-14"}],"doc_write_time":1713716475,"working_dir":null,"default_chunk_options":{"echo":true},"chunk_rendered_width":700}