"0","library(readr)"
"0","fracking_lab <- read_csv(""https://themys.sid.uncu.edu.ar/rpalma/HC_No_Convencionales/Datasets/fracking_lab.csv"")"
"2","`curl` package not installed, falling back to using `url()`"
"2","New names:"
"2","[1mRows: [22m[34m48[39m [1mColumns: [22m[34m5[39m"
"2","[36m──[39m [1mColumn specification[22m [36m────────────────────────────────────────[39m
[1mDelimiter:[22m "",""
[32mdbl[39m (5): ...1, area, peri, shape, perm"
"2","
[36mℹ[39m Use `spec()` to retrieve the full column specification for this data.
[36mℹ[39m Specify the column types or set `show_col_types = FALSE` to quiet this message."
"0","fracking_lab"
