{"chunk_definitions":[{"row":9,"row_count":1,"visible":true,"expansion_state":0,"options":{"engine":"r","label":"setup","include":false,"dev":"png"},"document_id":"683C8176","chunk_id":"csetup_chunk","chunk_label":"setup"},{"row":16,"row_count":1,"visible":true,"expansion_state":0,"options":{"engine":"r","label":"unnamed-chunk-1","dev":"png"},"document_id":"683C8176","chunk_id":"ckn70wezi6r39","chunk_label":"unnamed-chunk-1"},{"row":21,"row_count":1,"visible":true,"expansion_state":0,"options":{"engine":"r","label":"unnamed-chunk-2","dev":"png"},"document_id":"683C8176","chunk_id":"c4jbujbrcguov","chunk_label":"unnamed-chunk-2"},{"row":26,"row_count":1,"visible":true,"expansion_state":0,"options":{"engine":"r","label":"unnamed-chunk-3","dev":"png"},"document_id":"683C8176","chunk_id":"cckuwc4bscaqq","chunk_label":"unnamed-chunk-3"},{"row":30,"row_count":1,"visible":true,"expansion_state":0,"options":{"engine":"r","label":"unnamed-chunk-5","dev":"png"},"document_id":"683C8176","chunk_id":"c032o36shldgl","chunk_label":"unnamed-chunk-4"},{"row":33,"row_count":1,"visible":true,"expansion_state":0,"options":{"engine":"r","label":"unnamed-chunk-6","dev":"png"},"document_id":"683C8176","chunk_id":"ct4l966hfs6f7","chunk_label":"unnamed-chunk-5"},{"row":37,"row_count":1,"visible":true,"expansion_state":0,"options":{"engine":"r","label":"unnamed-chunk-7","dev":"png"},"document_id":"683C8176","chunk_id":"cldgy2rcuidwz","chunk_label":"unnamed-chunk-6"},{"row":43,"row_count":1,"visible":true,"expansion_state":0,"options":{"engine":"r","label":"unnamed-chunk-9","dev":"png"},"document_id":"683C8176","chunk_id":"czi7cg1ab1vq7","chunk_label":"unnamed-chunk-7"},{"row":46,"row_count":1,"visible":true,"expansion_state":0,"options":{"engine":"r","label":"unnamed-chunk-10","dev":"png"},"document_id":"683C8176","chunk_id":"cmq4fcg7jsjy9","chunk_label":"unnamed-chunk-8"},{"row":51,"row_count":1,"visible":true,"expansion_state":0,"options":{"engine":"r","label":"unnamed-chunk-11","dev":"png"},"document_id":"683C8176","chunk_id":"cp34jgeb7h3kc","chunk_label":"unnamed-chunk-9"},{"row":55,"row_count":1,"visible":true,"expansion_state":0,"options":{"engine":"r","label":"unnamed-chunk-12","dev":"png"},"document_id":"683C8176","chunk_id":"ctw1rnomlfs0e","chunk_label":"unnamed-chunk-10"},{"row":60,"row_count":1,"visible":true,"expansion_state":0,"options":{"engine":"r","label":"unnamed-chunk-14","dev":"png"},"document_id":"683C8176","chunk_id":"cm2ghpq74xt63","chunk_label":"unnamed-chunk-11"},{"row":69,"row_count":1,"visible":true,"expansion_state":0,"options":{"engine":"r","label":"unnamed-chunk-16","dev":"png"},"document_id":"683C8176","chunk_id":"c0zg3vuhq2z3i","chunk_label":"unnamed-chunk-12"}],"doc_write_time":1713130908,"working_dir":null,"default_chunk_options":{"echo":true},"chunk_rendered_width":700}