{"chunk_definitions":[{"row":48,"row_count":1,"visible":true,"expansion_state":0,"options":{},"document_id":"C7379C35","chunk_id":"ctlklkl0b8a5a","chunk_label":"unnamed-chunk-1"},{"row":51,"row_count":1,"visible":true,"expansion_state":0,"options":{"engine":"r","label":"unnamed-chunk-24","dev":"png"},"document_id":"C7379C35","chunk_id":"c9tfwz36ye1cw","chunk_label":"unnamed-chunk-2"},{"row":61,"row_count":1,"visible":true,"expansion_state":0,"options":{"engine":"r","label":"unnamed-chunk-25","dev":"png"},"document_id":"C7379C35","chunk_id":"cxcmzjtxaczfd","chunk_label":"unnamed-chunk-3"},{"row":64,"row_count":1,"visible":true,"expansion_state":0,"options":{"engine":"r","label":"unnamed-chunk-3","dev":"png"},"document_id":"C7379C35","chunk_id":"c6rpfwt32a54n","chunk_label":"unnamed-chunk-4"},{"row":123,"row_count":1,"visible":true,"expansion_state":0,"options":{"engine":"r","label":"unnamed-chunk-6","dev":"png"},"document_id":"C7379C35","chunk_id":"cv1vbmmdla9ne","chunk_label":"unnamed-chunk-6"},{"row":129,"row_count":1,"visible":true,"expansion_state":0,"options":{"engine":"r","label":"unnamed-chunk-8","dev":"png"},"document_id":"C7379C35","chunk_id":"ctb6cvd4scdrz","chunk_label":"unnamed-chunk-7"},{"row":135,"row_count":1,"visible":true,"expansion_state":0,"options":{"engine":"r","label":"unnamed-chunk-10","dev":"png"},"document_id":"C7379C35","chunk_id":"cgj9rfaygmf5w","chunk_label":"unnamed-chunk-8"},{"row":138,"row_count":1,"visible":true,"expansion_state":0,"options":{"engine":"r","label":"unnamed-chunk-11","dev":"png"},"document_id":"C7379C35","chunk_id":"c2v7m0d780t1i","chunk_label":"unnamed-chunk-9"},{"row":144,"row_count":1,"visible":true,"expansion_state":0,"options":{"engine":"r","label":"unnamed-chunk-12","dev":"png"},"document_id":"C7379C35","chunk_id":"cioogd2ieu7cn","chunk_label":"unnamed-chunk-10"},{"row":147,"row_count":1,"visible":true,"expansion_state":0,"options":{"engine":"r","label":"unnamed-chunk-13","dev":"png"},"document_id":"C7379C35","chunk_id":"ccjfpkj46q9ns","chunk_label":"unnamed-chunk-11"},{"row":157,"row_count":1,"visible":true,"expansion_state":0,"options":{"engine":"r","label":"unnamed-chunk-16","dev":"png"},"document_id":"C7379C35","chunk_id":"c0o8g192mgjpu","chunk_label":"unnamed-chunk-12"},{"row":161,"row_count":1,"visible":true,"expansion_state":0,"options":{"engine":"r","label":"unnamed-chunk-18","dev":"png"},"document_id":"C7379C35","chunk_id":"cnnjb3u2695zn","chunk_label":"unnamed-chunk-13"}],"doc_write_time":1713100243,"chunk_rendered_width":604}